# Every capability this product has, enumerated from the source.
#
# Generated by `node scripts/capabilities.mjs --list`. Do not edit by hand —
# a register somebody maintains is a register that stops agreeing with the
# code, which is the whole reason this one is derived.
#
# Columns: kind, area, name, detail.
#
# The target asked for was 1,084. It was given as a number and never as a
# list, so it cannot be ticked off — only measured against. That measurement
# is a gate: `node scripts/capabilities.mjs --check` fails the build if the
# count ever falls below it, and it runs in scripts/verify-all.mjs.
#
# Checks are deliberately not counted as capabilities. An assertion is how a
# capability is held, not another capability.
#
operation	analytics	ledgerAnalytics
operation	ap	postBill
operation	ap	postSupplierPayment
operation	ap	payablesAgeing
operation	approvals	setRule
operation	approvals	listRules
operation	approvals	deactivateRule
operation	approvals	rulesFor
operation	approvals	approvalState
operation	approvals	decide
operation	approvals	withdraw
operation	approvals	assertApproved
operation	approvals	pendingFor
operation	ar	postInvoice
operation	ar	postReceipt
operation	ar	receivablesAgeing
operation	asset-revaluation	unimpairedCarrying
operation	asset-revaluation	splitMovement
operation	asset-revaluation	revalueAsset
operation	asset-revaluation	releaseSurplus
operation	asset-revaluation	revaluationRegister
operation	asset-revaluation	revaluationHistory
operation	assets	addAsset
operation	assets	monthlyCharge
operation	assets	accumulatedAt
operation	assets	runDepreciation
operation	assets	disposeAsset
operation	assets	assetRegister
operation	attachments	attach
operation	attachments	listAttachments
operation	attachments	getAttachment
operation	attachments	removeAttachment
operation	attachments	attachmentCountsFor
operation	attention	attentionList
operation	audit	auditTrail
operation	audit	provenanceSummary
operation	audit	integrityCheck
operation	audit	storyOf
operation	balances	ledgerBalances
operation	bank-formats	parseMinor
operation	bank-formats	detectDateOrder
operation	bank-formats	toIsoDate
operation	bank-formats	sniffCsv
operation	bank-formats	detectFormat
operation	bank-formats	parseStatement
operation	bank	fingerprintOf
operation	bank	importStatement
operation	bank	suggestMatches
operation	bank	confirmMatch
operation	bank	unmatch
operation	bank	postFromBankLine
operation	bank	reconcile
operation	borrowings	nanoFromAnnualBps
operation	borrowings	annualBpsFromNano
operation	borrowings	presentValueAt
operation	borrowings	levelInstalment
operation	borrowings	flatInstalment
operation	borrowings	effectiveRateOf
operation	borrowings	buildBorrowingSchedule
operation	borrowings	addMonths
operation	borrowings	instalmentsOf
operation	borrowings	termsOf
operation	borrowings	addBorrowing
operation	borrowings	drawDown
operation	borrowings	postInstalment
operation	borrowings	currentPortionOf
operation	borrowings	reclassifyCurrentPortion
operation	borrowings	maturityAnalysis
operation	borrowings	addCovenant
operation	borrowings	testCovenants
operation	borrowings	borrowingRegister
operation	borrowings	borrowingSchedule
operation	budget	setBudget
operation	budget	copyScenario
operation	budget	budgetVsActual
operation	budget	budgetSummary
operation	cashflow-direct	lineFor
operation	cashflow-direct	directCashFlow
operation	cashflow	cashFlowStatement
operation	chart	addAccount
operation	chart	updateAccount
operation	chart	renumberAccount
operation	chart	archiveAccount
operation	chart	restoreAccount
operation	chart	deleteAccount
operation	chart	chartWithUsage
operation	cheques	recordCheque
operation	cheques	depositCheque
operation	cheques	clearCheque
operation	cheques	bounceCheque
operation	cheques	representCheque
operation	cheques	chequeRegister
operation	cheques	dueSoon
operation	cheques	chequeDetail
operation	close	previewClose
operation	close	closeYear
operation	close	openNextYear
operation	comparatives	comparativeProfitAndLoss
operation	comparatives	comparativeBalanceSheet
operation	comparatives	commonSize
operation	comparatives	ratios
operation	comparatives	trend
operation	comparatives	comparativeLayout
operation	consolidation	createGroup
operation	consolidation	addMember
operation	consolidation	removeMember
operation	consolidation	groupList
operation	consolidation	groupDetail
operation	consolidation	consolidatedStatements
operation	corptax	corporateTaxComputation
operation	corptax	postTaxProvision
operation	counterparties	createCounterparty
operation	counterparties	updateCounterparty
operation	counterparties	archiveCounterparty
operation	counterparties	restoreCounterparty
operation	counterparties	partyIndex
operation	counterparties	attributeDocument
operation	counterparties	counterpartyStatement
operation	counterparties	creditStatus
operation	counterparties	dunningList
operation	counterparties	placeOnHold
operation	counterparties	releaseHold
operation	counterparties	checkCreditBeforeSale
operation	counterparties	listCounterparties
operation	credit-control	partyKeyOf
operation	credit-control	setCreditLimit
operation	credit-control	creditLimitHistory
operation	credit-control	placeCreditHold
operation	credit-control	releaseCreditHold
operation	credit-control	creditHoldHistory
operation	credit-control	creditStanding
operation	credit-control	creditCheck
operation	credit-control	stageForDays
operation	credit-control	dunningPlan
operation	credit-control	dunningLetter
operation	credit-control	recordDunning
operation	credit-control	dunningHistory
operation	credit-control	statementOfAccount
operation	credit-control	creditControlRegister
operation	csv	csvField
operation	csv	csvFile
operation	csv	parseCsv
operation	deferred-tax	recordItems
operation	deferred-tax	reportingDates
operation	deferred-tax	deriveFromAssets
operation	deferred-tax	position
operation	deferred-tax	postDeferredTax
operation	deferred-tax	deferredTaxNote
operation	deliveries	fmtQty
operation	deliveries	outstandingOnOrder
operation	deliveries	createDeliveryNote
operation	deliveries	dispatchNote
operation	deliveries	confirmDelivery
operation	deliveries	cancelDeliveryNote
operation	deliveries	returnGoods
operation	deliveries	deliveredNotInvoiced
operation	deliveries	deliveryRegister
operation	dimensions	createDimension
operation	dimensions	addValue
operation	dimensions	listDimensions
operation	dimensions	requireDimensionOn
operation	dimensions	dimensionalProfitAndLoss
operation	dimensions	dimensionSummary
operation	dimensions	dimensionalTrialBalance
operation	equity	fiscalYearsFor
operation	equity	changesInEquity
operation	equity	notesToTheAccounts
operation	equity	equityAndNotes
operation	expenses	totalsOf
operation	expenses	createClaim
operation	expenses	addLine
operation	expenses	removeLine
operation	expenses	updateClaim
operation	expenses	submitClaim
operation	expenses	approveClaim
operation	expenses	rejectClaim
operation	expenses	reopenClaim
operation	expenses	postClaim
operation	expenses	payClaim
operation	expenses	claimList
operation	expenses	claimDetail
operation	exports	exportLedger
operation	exports	verifyExport
operation	exports	previewImport
operation	exports	importTrialBalance
operation	faf	ftaAuditFile
operation	forecast	paymentBehaviour
operation	forecast	cashForecast
operation	forecast	cashPosition
operation	intercompany	findMatches
operation	intercompany	matchReport
operation	intercompany	eliminationSchedule
operation	intercompany	unrealisedProfit
operation	inventory-fifo	oldestFirst
operation	inventory-fifo	planConsumption
operation	inventory-fifo	effectiveUnitCost
operation	inventory-fifo	layerValue
operation	inventory-fifo	settleTakes
operation	inventory-tracking	isBatchKind
operation	inventory-tracking	readBatchKind
operation	inventory-tracking	resolveLocation
operation	inventory-tracking	batchTake
operation	inventory-tracking	batchPut
operation	inventory-tracking	reorderVerdict
operation	inventory-tracking	apportion
operation	inventory-tracking	expiryHorizon
operation	inventory-tracking	daysUntil
operation	inventory-tracking	tieBatches
operation	inventory	addItem
operation	inventory	unitCost
operation	inventory	issueValue
operation	inventory	carryingAmount
operation	inventory	writeDownHeld
operation	inventory	setCostMethod
operation	inventory	receive
operation	inventory	issue
operation	inventory	adjust
operation	inventory	assessNrv
operation	inventory	stockValuation
operation	inventory	itemHistory
operation	inventory	addLocation
operation	inventory	updateLocation
operation	inventory	closeLocation
operation	inventory	stockByLocation
operation	inventory	transferStock
operation	inventory	batchRegister
operation	inventory	expiringStock
operation	inventory	sweepExpired
operation	inventory	belowReorderLevel
operation	inventory	setReorderLevel
operation	inventory	setDefaultLocation
operation	inventory	locationList
operation	inventory	receiptsUnder
operation	inventory	capitaliseCost
operation	kpi	financialKpis
operation	landed-cost	fmtQty
operation	landed-cost	largestRemainder
operation	landed-cost	spreadCharges
operation	landed-cost	recordMeasure
operation	landed-cost	measureList
operation	landed-cost	createVoucher
operation	landed-cost	applyVoucher
operation	landed-cost	cancelVoucher
operation	landed-cost	voucherDetail
operation	landed-cost	landedCostReport
operation	landed-cost	voucherList
operation	layouts	validateRows
operation	layouts	saveLayout
operation	layouts	listLayouts
operation	layouts	getLayout
operation	layouts	setLayoutStatus
operation	layouts	renderLayout
operation	layouts	duplicateLayout
operation	layouts	seedStarterLayouts
operation	leases	presentValue
operation	leases	periodRateBps
operation	leases	buildSchedule
operation	leases	termMonths
operation	leases	exemptionOf
operation	leases	addLease
operation	leases	activateLease
operation	leases	leaseSchedule
operation	leases	runLeasePeriod
operation	leases	payLease
operation	leases	positionAt
operation	leases	leaseRegister
operation	leave	leaveEntitlement
operation	leave	leaveBalance
operation	leave	recordLeave
operation	leave	encashLeave
operation	leave	provisionForPeriod
operation	leave	leaveRegister
operation	leave	leaveRecords
operation	month-end	monthEnd
operation	month-end	closeMonth
operation	notifications	notificationCentre
operation	notifications	notificationHistory
operation	notifications	acknowledge
operation	notifications	snooze
operation	notifications	bringBack
operation	numbering	seriesCatalogue
operation	numbering	scanLedgerSource
operation	numbering	expandPrefix
operation	numbering	formatNumber
operation	numbering	splitNumber
operation	numbering	checkConfig
operation	numbering	currentCycle
operation	numbering	numberingOverview
operation	numbering	previewSeries
operation	numbering	configureSeries
operation	opening	previewOpeningBalances
operation	opening	importOpeningBalances
operation	opening	parseTrialBalance
operation	payment-runs	proposeRun
operation	payment-runs	excludeItem
operation	payment-runs	includeItem
operation	payment-runs	approveRun
operation	payment-runs	releaseRun
operation	payment-runs	cancelRun
operation	payment-runs	bankFile
operation	payment-runs	runList
operation	payment-runs	runDetail
operation	payroll	gratuityEntitlement
operation	payroll	gratuityAccrual
operation	payroll	addEmployee
operation	payroll	updateEmployee
operation	payroll	runPayroll
operation	payroll	postPayroll
operation	payroll	payPayroll
operation	payroll	settleEndOfService
operation	payroll	wpsFile
operation	payroll	payrollSummary
operation	permissions	seedBuiltInRoles
operation	permissions	permissionsOf
operation	permissions	check
operation	permissions	requirePermission
operation	permissions	createRole
operation	permissions	updateRole
operation	permissions	assignRole
operation	permissions	revokeRole
operation	permissions	rolesOverview
operation	petty-cash	stateOf
operation	petty-cash	openFund
operation	petty-cash	recordSpend
operation	petty-cash	reimburse
operation	petty-cash	returnCash
operation	petty-cash	closeFund
operation	petty-cash	fundState
operation	petty-cash	fundDetail
operation	petty-cash	fundList
operation	post	post
operation	post	reverse
operation	pricing	partyKeyOf
operation	pricing	createPriceList
operation	pricing	setPrices
operation	pricing	closePrice
operation	pricing	assignPriceList
operation	pricing	unassignPriceList
operation	pricing	resolvePrice
operation	pricing	quoteLines
operation	pricing	priceVariance
operation	pricing	priceListRegister
operation	procurement	lineValue
operation	procurement	createOrder
operation	procurement	addLine
operation	procurement	issueOrder
operation	procurement	cancelOrder
operation	procurement	receiveGoods
operation	procurement	matchInvoice
operation	procurement	postMatchedInvoice
operation	procurement	grniReport
operation	procurement	orderList
operation	procurement	orderDetail
operation	projects	createProject
operation	projects	updateProject
operation	projects	closeProject
operation	projects	listProjects
operation	projects	projectProfitability
operation	projects	projectSummary
operation	projects	workInProgress
operation	projects	projectDetail
operation	provisions	presentValue
operation	provisions	monthlyRateBps
operation	provisions	monthsUntil
operation	provisions	discountedEstimate
operation	provisions	recognitionTest
operation	provisions	recordProvision
operation	provisions	remeasure
operation	provisions	unwindDiscount
operation	provisions	utilise
operation	provisions	release
operation	provisions	promote
operation	provisions	provisionRegister
operation	provisions	provisionNote
operation	recurring	normaliseLines
operation	recurring	parseTemplateLines
operation	recurring	templateTotal
operation	recurring	checkLinesAgainstChart
operation	recurring	createTemplate
operation	recurring	updateTemplate
operation	recurring	pauseTemplate
operation	recurring	resumeTemplate
operation	recurring	endTemplate
operation	recurring	assessDue
operation	recurring	dueTemplates
operation	recurring	runRecurring
operation	recurring	templateStatus
operation	related-parties	inPeriod
operation	related-parties	declareRelatedParty
operation	related-parties	endRelationship
operation	related-parties	declareCompensation
operation	related-parties	attest
operation	related-parties	relatedPartyNote
operation	reports	trialBalance
operation	reports	generalLedger
operation	revaluation	setRate
operation	revaluation	ratesOnFile
operation	revaluation	revaluationPreview
operation	revaluation	runRevaluation
operation	revaluation	reverseRevaluation
operation	revenue	allocate
operation	revenue	createContract
operation	revenue	modifyContract
operation	revenue	recordBilling
operation	revenue	satisfyObligation
operation	revenue	setProgress
operation	revenue	cancelContract
operation	revenue	positionOf
operation	revenue	runRecognition
operation	revenue	runRecognitionAll
operation	revenue	contractRegister
operation	revenue	contractDetail
operation	sales-orders	lineNet
operation	sales-orders	createOrder
operation	sales-orders	updateOrder
operation	sales-orders	sendOrder
operation	sales-orders	acceptOrder
operation	sales-orders	declineOrder
operation	sales-orders	cancelOrder
operation	sales-orders	convertToOrder
operation	sales-orders	invoiceOrder
operation	sales-orders	expireQuotes
operation	sales-orders	listOrders
operation	sales-orders	orderDetail
operation	segments	segmentReport
operation	segments	segmentBalanceSheet
operation	segments	segmentTrend
operation	serialize	ledgerJson
operation	setup	openFiscalYear
operation	setup	openBooks
operation	statements	balances
operation	statements	removeYearEndClose
operation	statements	profitAndLoss
operation	statements	balanceSheet
operation	subscriptions	nextDate
operation	subscriptions	createSubscription
operation	subscriptions	pauseSubscription
operation	subscriptions	resumeSubscription
operation	subscriptions	endSubscription
operation	subscriptions	dueSubscriptions
operation	subscriptions	issueDue
operation	subscriptions	issueAllDue
operation	subscriptions	subscriptionRegister
operation	timesheets	valueOf
operation	timesheets	asHours
operation	timesheets	recordTime
operation	timesheets	approveTime
operation	timesheets	writeOffTime
operation	timesheets	markInvoiced
operation	timesheets	wipAt
operation	timesheets	runWip
operation	timesheets	utilisation
operation	timesheets	timesheetRegister
operation	trade-finance	issueFacility
operation	trade-finance	drawFacility
operation	trade-finance	settleFacility
operation	trade-finance	closeFacility
operation	trade-finance	contingentLiabilities
operation	trade-finance	facilityRegister
operation	vat-schemes	intervalsFor
operation	vat-schemes	registerCapitalAsset
operation	vat-schemes	adjustmentDue
operation	vat-schemes	intervalAdjustment
operation	vat-schemes	assessInterval
operation	vat-schemes	disposeCapitalAsset
operation	vat-schemes	capitalAssetRegister
operation	vat-schemes	marginSchemeSupply
operation	vat-schemes	designatedZoneTreatment
operation	vat-schemes	designatedZoneMatrix
operation	vat	vatReturn
endpoint	/api/account/export	GET	/api/account/export
endpoint	/api/account/reset	POST	/api/account/reset
endpoint	/api/admin/abuse	GET	/api/admin/abuse
endpoint	/api/admin/admins/[userId]	DELETE	/api/admin/admins/[userId]
endpoint	/api/admin/admins	GET	/api/admin/admins
endpoint	/api/admin/admins	POST	/api/admin/admins
endpoint	/api/admin/audit	GET	/api/admin/audit
endpoint	/api/admin/claim	POST	/api/admin/claim
endpoint	/api/admin/flags	GET	/api/admin/flags
endpoint	/api/admin/flags	POST	/api/admin/flags
endpoint	/api/admin/impersonate/stop	POST	/api/admin/impersonate/stop
endpoint	/api/admin/me	GET	/api/admin/me
endpoint	/api/admin/overview	GET	/api/admin/overview
endpoint	/api/admin/tenants/[org]/allowance	POST	/api/admin/tenants/[org]/allowance
endpoint	/api/admin/tenants/[org]/delete	POST	/api/admin/tenants/[org]/delete
endpoint	/api/admin/tenants/[org]/export	GET	/api/admin/tenants/[org]/export
endpoint	/api/admin/tenants/[org]/impersonate	POST	/api/admin/tenants/[org]/impersonate
endpoint	/api/admin/tenants/[org]/plan	POST	/api/admin/tenants/[org]/plan
endpoint	/api/admin/tenants/[org]/revoke	POST	/api/admin/tenants/[org]/revoke
endpoint	/api/admin/tenants/[org]	GET	/api/admin/tenants/[org]
endpoint	/api/admin/tenants/[org]/status	POST	/api/admin/tenants/[org]/status
endpoint	/api/admin/tenants	GET	/api/admin/tenants
endpoint	/api/api-keys/[id]	DELETE	/api/api-keys/[id]
endpoint	/api/api-keys	GET	/api/api-keys
endpoint	/api/api-keys	POST	/api/api-keys
endpoint	/api/auth/login	POST	/api/auth/login
endpoint	/api/auth/logout	POST	/api/auth/logout
endpoint	/api/auth/me	GET	/api/auth/me
endpoint	/api/auth/register	POST	/api/auth/register
endpoint	/api/billing/checkout	POST	/api/billing/checkout
endpoint	/api/billing/plan	GET	/api/billing/plan
endpoint	/api/billing/plan	PUT	/api/billing/plan
endpoint	/api/billing/subscription	GET	/api/billing/subscription
endpoint	/api/cron/subscriptions	POST	/api/cron/subscriptions
endpoint	/api/gateway/health	GET	/api/gateway/health
endpoint	/api/gateway/webhook	POST	/api/gateway/webhook
endpoint	/api/integrations/[provider]/authorize	GET	/api/integrations/[provider]/authorize
endpoint	/api/integrations/[provider]/callback	GET	/api/integrations/[provider]/callback
endpoint	/api/integrations/[provider]/disconnect	POST	/api/integrations/[provider]/disconnect
endpoint	/api/integrations/[provider]/sync	POST	/api/integrations/[provider]/sync
endpoint	/api/invoices/[id]/evidence	GET	/api/invoices/[id]/evidence
endpoint	/api/invoices/[id]/mark-paid	POST	/api/invoices/[id]/mark-paid
endpoint	/api/invoices/[id]/payment-link	POST	/api/invoices/[id]/payment-link
endpoint	/api/invoices/[id]/reconcile	POST	/api/invoices/[id]/reconcile
endpoint	/api/invoices/[id]/remind	POST	/api/invoices/[id]/remind
endpoint	/api/invoices/[id]/send	POST	/api/invoices/[id]/send
endpoint	/api/invoices/[id]/whatsapp	POST	/api/invoices/[id]/whatsapp
endpoint	/api/ledger/accounts/[code]	GET	/api/ledger/accounts/[code]
endpoint	/api/ledger/accounts	GET	/api/ledger/accounts
endpoint	/api/ledger/accounts	POST	/api/ledger/accounts
endpoint	/api/ledger/analytics	GET	/api/ledger/analytics
endpoint	/api/ledger/ap/ageing	GET	/api/ledger/ap/ageing
endpoint	/api/ledger/ap/post	POST	/api/ledger/ap/post
endpoint	/api/ledger/approvals	setRule	/api/ledger/approvals
endpoint	/api/ledger/approvals	deactivateRule	/api/ledger/approvals
endpoint	/api/ledger/approvals	decide	/api/ledger/approvals
endpoint	/api/ledger/approvals	withdraw	/api/ledger/approvals
endpoint	/api/ledger/approvals	GET	/api/ledger/approvals
endpoint	/api/ledger/ar/ageing	GET	/api/ledger/ar/ageing
endpoint	/api/ledger/ar/post	POST	/api/ledger/ar/post
endpoint	/api/ledger/asset-revaluation	revalue	/api/ledger/asset-revaluation
endpoint	/api/ledger/asset-revaluation	release	/api/ledger/asset-revaluation
endpoint	/api/ledger/asset-revaluation	GET	/api/ledger/asset-revaluation
endpoint	/api/ledger/assets	add	/api/ledger/assets
endpoint	/api/ledger/assets	depreciate	/api/ledger/assets
endpoint	/api/ledger/assets	dispose	/api/ledger/assets
endpoint	/api/ledger/assets	GET	/api/ledger/assets
endpoint	/api/ledger/attachments	GET	/api/ledger/attachments
endpoint	/api/ledger/attachments	POST	/api/ledger/attachments
endpoint	/api/ledger/attachments	DELETE	/api/ledger/attachments
endpoint	/api/ledger/attention	GET	/api/ledger/attention
endpoint	/api/ledger/bank	import	/api/ledger/bank
endpoint	/api/ledger/bank	match	/api/ledger/bank
endpoint	/api/ledger/bank	unmatch	/api/ledger/bank
endpoint	/api/ledger/bank	post	/api/ledger/bank
endpoint	/api/ledger/bank	GET	/api/ledger/bank
endpoint	/api/ledger/bank-import	POST	/api/ledger/bank-import
endpoint	/api/ledger/borrowings	add	/api/ledger/borrowings
endpoint	/api/ledger/borrowings	draw	/api/ledger/borrowings
endpoint	/api/ledger/borrowings	instalment	/api/ledger/borrowings
endpoint	/api/ledger/borrowings	reclassify	/api/ledger/borrowings
endpoint	/api/ledger/borrowings	covenant	/api/ledger/borrowings
endpoint	/api/ledger/borrowings	GET	/api/ledger/borrowings
endpoint	/api/ledger/budget	GET	/api/ledger/budget
endpoint	/api/ledger/budget	POST	/api/ledger/budget
endpoint	/api/ledger/cash-flow-direct	GET	/api/ledger/cash-flow-direct
endpoint	/api/ledger/cashflow	GET	/api/ledger/cashflow
endpoint	/api/ledger/chart	add	/api/ledger/chart
endpoint	/api/ledger/chart	update	/api/ledger/chart
endpoint	/api/ledger/chart	renumber	/api/ledger/chart
endpoint	/api/ledger/chart	archive	/api/ledger/chart
endpoint	/api/ledger/chart	restore	/api/ledger/chart
endpoint	/api/ledger/chart	delete	/api/ledger/chart
endpoint	/api/ledger/chart	GET	/api/ledger/chart
endpoint	/api/ledger/cheques	deposit	/api/ledger/cheques
endpoint	/api/ledger/cheques	clear	/api/ledger/cheques
endpoint	/api/ledger/cheques	bounce	/api/ledger/cheques
endpoint	/api/ledger/cheques	represent	/api/ledger/cheques
endpoint	/api/ledger/cheques	return	/api/ledger/cheques
endpoint	/api/ledger/cheques	cancel	/api/ledger/cheques
endpoint	/api/ledger/cheques	GET	/api/ledger/cheques
endpoint	/api/ledger/close	GET	/api/ledger/close
endpoint	/api/ledger/close	POST	/api/ledger/close
endpoint	/api/ledger/comparatives	GET	/api/ledger/comparatives
endpoint	/api/ledger/consolidation	GET	/api/ledger/consolidation
endpoint	/api/ledger/consolidation	POST	/api/ledger/consolidation
endpoint	/api/ledger/corptax	GET	/api/ledger/corptax
endpoint	/api/ledger/corptax	POST	/api/ledger/corptax
endpoint	/api/ledger/counterparties	statement	/api/ledger/counterparties
endpoint	/api/ledger/counterparties	credit	/api/ledger/counterparties
endpoint	/api/ledger/counterparties	dunning	/api/ledger/counterparties
endpoint	/api/ledger/counterparties	check	/api/ledger/counterparties
endpoint	/api/ledger/counterparties	create	/api/ledger/counterparties
endpoint	/api/ledger/counterparties	update	/api/ledger/counterparties
endpoint	/api/ledger/counterparties	archive	/api/ledger/counterparties
endpoint	/api/ledger/counterparties	restore	/api/ledger/counterparties
endpoint	/api/ledger/counterparties	hold	/api/ledger/counterparties
endpoint	/api/ledger/counterparties	release	/api/ledger/counterparties
endpoint	/api/ledger/counterparties	GET	/api/ledger/counterparties
endpoint	/api/ledger/credit-control	standing	/api/ledger/credit-control
endpoint	/api/ledger/credit-control	check	/api/ledger/credit-control
endpoint	/api/ledger/credit-control	statement	/api/ledger/credit-control
endpoint	/api/ledger/credit-control	dunning	/api/ledger/credit-control
endpoint	/api/ledger/credit-control	letter	/api/ledger/credit-control
endpoint	/api/ledger/credit-control	history	/api/ledger/credit-control
endpoint	/api/ledger/credit-control	setLimit	/api/ledger/credit-control
endpoint	/api/ledger/credit-control	hold	/api/ledger/credit-control
endpoint	/api/ledger/credit-control	release	/api/ledger/credit-control
endpoint	/api/ledger/credit-control	recordDunning	/api/ledger/credit-control
endpoint	/api/ledger/credit-control	GET	/api/ledger/credit-control
endpoint	/api/ledger/deferred-tax	record	/api/ledger/deferred-tax
endpoint	/api/ledger/deferred-tax	post	/api/ledger/deferred-tax
endpoint	/api/ledger/deferred-tax	GET	/api/ledger/deferred-tax
endpoint	/api/ledger/deliveries	create	/api/ledger/deliveries
endpoint	/api/ledger/deliveries	dispatch	/api/ledger/deliveries
endpoint	/api/ledger/deliveries	confirm	/api/ledger/deliveries
endpoint	/api/ledger/deliveries	cancel	/api/ledger/deliveries
endpoint	/api/ledger/deliveries	return	/api/ledger/deliveries
endpoint	/api/ledger/deliveries	GET	/api/ledger/deliveries
endpoint	/api/ledger/dimensions	create-dimension	/api/ledger/dimensions
endpoint	/api/ledger/dimensions	add-value	/api/ledger/dimensions
endpoint	/api/ledger/dimensions	require-on-account	/api/ledger/dimensions
endpoint	/api/ledger/dimensions	GET	/api/ledger/dimensions
endpoint	/api/ledger/equity	GET	/api/ledger/equity
endpoint	/api/ledger/expenses	create	/api/ledger/expenses
endpoint	/api/ledger/expenses	addLine	/api/ledger/expenses
endpoint	/api/ledger/expenses	removeLine	/api/ledger/expenses
endpoint	/api/ledger/expenses	update	/api/ledger/expenses
endpoint	/api/ledger/expenses	submit	/api/ledger/expenses
endpoint	/api/ledger/expenses	approve	/api/ledger/expenses
endpoint	/api/ledger/expenses	reject	/api/ledger/expenses
endpoint	/api/ledger/expenses	reopen	/api/ledger/expenses
endpoint	/api/ledger/expenses	post	/api/ledger/expenses
endpoint	/api/ledger/expenses	pay	/api/ledger/expenses
endpoint	/api/ledger/expenses	GET	/api/ledger/expenses
endpoint	/api/ledger/exports	GET	/api/ledger/exports
endpoint	/api/ledger/exports	POST	/api/ledger/exports
endpoint	/api/ledger/faf	GET	/api/ledger/faf
endpoint	/api/ledger/forecast	GET	/api/ledger/forecast
endpoint	/api/ledger/intercompany	GET	/api/ledger/intercompany
endpoint	/api/ledger/inventory	add	/api/ledger/inventory
endpoint	/api/ledger/inventory	receive	/api/ledger/inventory
endpoint	/api/ledger/inventory	issue	/api/ledger/inventory
endpoint	/api/ledger/inventory	count	/api/ledger/inventory
endpoint	/api/ledger/inventory	transfer	/api/ledger/inventory
endpoint	/api/ledger/inventory	nrv	/api/ledger/inventory
endpoint	/api/ledger/inventory	method	/api/ledger/inventory
endpoint	/api/ledger/inventory	add-location	/api/ledger/inventory
endpoint	/api/ledger/inventory	update-location	/api/ledger/inventory
endpoint	/api/ledger/inventory	close-location	/api/ledger/inventory
endpoint	/api/ledger/inventory	default-location	/api/ledger/inventory
endpoint	/api/ledger/inventory	reorder	/api/ledger/inventory
endpoint	/api/ledger/inventory	sweep	/api/ledger/inventory
endpoint	/api/ledger/inventory	GET	/api/ledger/inventory
endpoint	/api/ledger/journals/[id]/reverse	POST	/api/ledger/journals/[id]/reverse
endpoint	/api/ledger/journals	GET	/api/ledger/journals
endpoint	/api/ledger/journals	POST	/api/ledger/journals
endpoint	/api/ledger/landed-cost	create	/api/ledger/landed-cost
endpoint	/api/ledger/landed-cost	apply	/api/ledger/landed-cost
endpoint	/api/ledger/landed-cost	cancel	/api/ledger/landed-cost
endpoint	/api/ledger/landed-cost	measure	/api/ledger/landed-cost
endpoint	/api/ledger/landed-cost	GET	/api/ledger/landed-cost
endpoint	/api/ledger/layouts	preview	/api/ledger/layouts
endpoint	/api/ledger/layouts	duplicate	/api/ledger/layouts
endpoint	/api/ledger/layouts	seed	/api/ledger/layouts
endpoint	/api/ledger/layouts	archive	/api/ledger/layouts
endpoint	/api/ledger/layouts	GET	/api/ledger/layouts
endpoint	/api/ledger/leases	add	/api/ledger/leases
endpoint	/api/ledger/leases	activate	/api/ledger/leases
endpoint	/api/ledger/leases	run	/api/ledger/leases
endpoint	/api/ledger/leases	pay	/api/ledger/leases
endpoint	/api/ledger/leases	GET	/api/ledger/leases
endpoint	/api/ledger/leave	record	/api/ledger/leave
endpoint	/api/ledger/leave	encash	/api/ledger/leave
endpoint	/api/ledger/leave	provision	/api/ledger/leave
endpoint	/api/ledger/leave	GET	/api/ledger/leave
endpoint	/api/ledger/month-end	GET	/api/ledger/month-end
endpoint	/api/ledger/month-end	POST	/api/ledger/month-end
endpoint	/api/ledger/notifications	acknowledge	/api/ledger/notifications
endpoint	/api/ledger/notifications	snooze	/api/ledger/notifications
endpoint	/api/ledger/notifications	clear	/api/ledger/notifications
endpoint	/api/ledger/notifications	GET	/api/ledger/notifications
endpoint	/api/ledger/numbering	GET	/api/ledger/numbering
endpoint	/api/ledger/numbering	PATCH	/api/ledger/numbering
endpoint	/api/ledger/opening	POST	/api/ledger/opening
endpoint	/api/ledger/payment-runs	propose	/api/ledger/payment-runs
endpoint	/api/ledger/payment-runs	exclude	/api/ledger/payment-runs
endpoint	/api/ledger/payment-runs	include	/api/ledger/payment-runs
endpoint	/api/ledger/payment-runs	approve	/api/ledger/payment-runs
endpoint	/api/ledger/payment-runs	release	/api/ledger/payment-runs
endpoint	/api/ledger/payment-runs	cancel	/api/ledger/payment-runs
endpoint	/api/ledger/payment-runs	bank-file	/api/ledger/payment-runs
endpoint	/api/ledger/payment-runs	GET	/api/ledger/payment-runs
endpoint	/api/ledger/payroll	add-employee	/api/ledger/payroll
endpoint	/api/ledger/payroll	update-employee	/api/ledger/payroll
endpoint	/api/ledger/payroll	run	/api/ledger/payroll
endpoint	/api/ledger/payroll	post	/api/ledger/payroll
endpoint	/api/ledger/payroll	pay	/api/ledger/payroll
endpoint	/api/ledger/payroll	settle	/api/ledger/payroll
endpoint	/api/ledger/payroll	wps	/api/ledger/payroll
endpoint	/api/ledger/payroll	GET	/api/ledger/payroll
endpoint	/api/ledger/periods	GET	/api/ledger/periods
endpoint	/api/ledger/periods	PATCH	/api/ledger/periods
endpoint	/api/ledger/petty-cash	open	/api/ledger/petty-cash
endpoint	/api/ledger/petty-cash	spend	/api/ledger/petty-cash
endpoint	/api/ledger/petty-cash	reimburse	/api/ledger/petty-cash
endpoint	/api/ledger/petty-cash	return	/api/ledger/petty-cash
endpoint	/api/ledger/petty-cash	close	/api/ledger/petty-cash
endpoint	/api/ledger/petty-cash	GET	/api/ledger/petty-cash
endpoint	/api/ledger/pricing	createList	/api/ledger/pricing
endpoint	/api/ledger/pricing	setPrices	/api/ledger/pricing
endpoint	/api/ledger/pricing	closePrice	/api/ledger/pricing
endpoint	/api/ledger/pricing	assign	/api/ledger/pricing
endpoint	/api/ledger/pricing	unassign	/api/ledger/pricing
endpoint	/api/ledger/pricing	quote	/api/ledger/pricing
endpoint	/api/ledger/pricing	variance	/api/ledger/pricing
endpoint	/api/ledger/pricing	GET	/api/ledger/pricing
endpoint	/api/ledger/procurement	create	/api/ledger/procurement
endpoint	/api/ledger/procurement	addLine	/api/ledger/procurement
endpoint	/api/ledger/procurement	issue	/api/ledger/procurement
endpoint	/api/ledger/procurement	cancel	/api/ledger/procurement
endpoint	/api/ledger/procurement	receive	/api/ledger/procurement
endpoint	/api/ledger/procurement	match	/api/ledger/procurement
endpoint	/api/ledger/procurement	post	/api/ledger/procurement
endpoint	/api/ledger/procurement	GET	/api/ledger/procurement
endpoint	/api/ledger/projects	create	/api/ledger/projects
endpoint	/api/ledger/projects	update	/api/ledger/projects
endpoint	/api/ledger/projects	close	/api/ledger/projects
endpoint	/api/ledger/projects	GET	/api/ledger/projects
endpoint	/api/ledger/provisions	record	/api/ledger/provisions
endpoint	/api/ledger/provisions	remeasure	/api/ledger/provisions
endpoint	/api/ledger/provisions	unwind	/api/ledger/provisions
endpoint	/api/ledger/provisions	utilise	/api/ledger/provisions
endpoint	/api/ledger/provisions	release	/api/ledger/provisions
endpoint	/api/ledger/provisions	promote	/api/ledger/provisions
endpoint	/api/ledger/provisions	GET	/api/ledger/provisions
endpoint	/api/ledger/recurring	create	/api/ledger/recurring
endpoint	/api/ledger/recurring	update	/api/ledger/recurring
endpoint	/api/ledger/recurring	pause	/api/ledger/recurring
endpoint	/api/ledger/recurring	resume	/api/ledger/recurring
endpoint	/api/ledger/recurring	end	/api/ledger/recurring
endpoint	/api/ledger/recurring	due	/api/ledger/recurring
endpoint	/api/ledger/recurring	run	/api/ledger/recurring
endpoint	/api/ledger/recurring	GET	/api/ledger/recurring
endpoint	/api/ledger/related-parties	declare	/api/ledger/related-parties
endpoint	/api/ledger/related-parties	end	/api/ledger/related-parties
endpoint	/api/ledger/related-parties	compensation	/api/ledger/related-parties
endpoint	/api/ledger/related-parties	attest	/api/ledger/related-parties
endpoint	/api/ledger/related-parties	GET	/api/ledger/related-parties
endpoint	/api/ledger/revaluation	set-rate	/api/ledger/revaluation
endpoint	/api/ledger/revaluation	revalue	/api/ledger/revaluation
endpoint	/api/ledger/revaluation	reverse	/api/ledger/revaluation
endpoint	/api/ledger/revaluation	GET	/api/ledger/revaluation
endpoint	/api/ledger/revenue	create	/api/ledger/revenue
endpoint	/api/ledger/revenue	modify	/api/ledger/revenue
endpoint	/api/ledger/revenue	bill	/api/ledger/revenue
endpoint	/api/ledger/revenue	satisfy	/api/ledger/revenue
endpoint	/api/ledger/revenue	progress	/api/ledger/revenue
endpoint	/api/ledger/revenue	cancel	/api/ledger/revenue
endpoint	/api/ledger/revenue	run	/api/ledger/revenue
endpoint	/api/ledger/revenue	runAll	/api/ledger/revenue
endpoint	/api/ledger/revenue	GET	/api/ledger/revenue
endpoint	/api/ledger/roles	seed	/api/ledger/roles
endpoint	/api/ledger/roles	create	/api/ledger/roles
endpoint	/api/ledger/roles	update	/api/ledger/roles
endpoint	/api/ledger/roles	assign	/api/ledger/roles
endpoint	/api/ledger/roles	revoke	/api/ledger/roles
endpoint	/api/ledger/roles	GET	/api/ledger/roles
endpoint	/api/ledger/sales-orders	create	/api/ledger/sales-orders
endpoint	/api/ledger/sales-orders	update	/api/ledger/sales-orders
endpoint	/api/ledger/sales-orders	send	/api/ledger/sales-orders
endpoint	/api/ledger/sales-orders	accept	/api/ledger/sales-orders
endpoint	/api/ledger/sales-orders	decline	/api/ledger/sales-orders
endpoint	/api/ledger/sales-orders	cancel	/api/ledger/sales-orders
endpoint	/api/ledger/sales-orders	convert	/api/ledger/sales-orders
endpoint	/api/ledger/sales-orders	invoice	/api/ledger/sales-orders
endpoint	/api/ledger/sales-orders	expire	/api/ledger/sales-orders
endpoint	/api/ledger/sales-orders	GET	/api/ledger/sales-orders
endpoint	/api/ledger/segments	GET	/api/ledger/segments
endpoint	/api/ledger/setup	POST	/api/ledger/setup
endpoint	/api/ledger/statements	GET	/api/ledger/statements
endpoint	/api/ledger/subscriptions	create	/api/ledger/subscriptions
endpoint	/api/ledger/subscriptions	pause	/api/ledger/subscriptions
endpoint	/api/ledger/subscriptions	resume	/api/ledger/subscriptions
endpoint	/api/ledger/subscriptions	end	/api/ledger/subscriptions
endpoint	/api/ledger/subscriptions	issue	/api/ledger/subscriptions
endpoint	/api/ledger/subscriptions	issueAll	/api/ledger/subscriptions
endpoint	/api/ledger/subscriptions	GET	/api/ledger/subscriptions
endpoint	/api/ledger/timesheets	record	/api/ledger/timesheets
endpoint	/api/ledger/timesheets	approve	/api/ledger/timesheets
endpoint	/api/ledger/timesheets	writeOff	/api/ledger/timesheets
endpoint	/api/ledger/timesheets	invoice	/api/ledger/timesheets
endpoint	/api/ledger/timesheets	wip	/api/ledger/timesheets
endpoint	/api/ledger/timesheets	GET	/api/ledger/timesheets
endpoint	/api/ledger/trade-finance	issue	/api/ledger/trade-finance
endpoint	/api/ledger/trade-finance	draw	/api/ledger/trade-finance
endpoint	/api/ledger/trade-finance	settle	/api/ledger/trade-finance
endpoint	/api/ledger/trade-finance	close	/api/ledger/trade-finance
endpoint	/api/ledger/trade-finance	GET	/api/ledger/trade-finance
endpoint	/api/ledger/trial-balance	GET	/api/ledger/trial-balance
endpoint	/api/ledger/vat	GET	/api/ledger/vat
endpoint	/api/ledger/vat-schemes	register	/api/ledger/vat-schemes
endpoint	/api/ledger/vat-schemes	assess	/api/ledger/vat-schemes
endpoint	/api/ledger/vat-schemes	dispose	/api/ledger/vat-schemes
endpoint	/api/ledger/vat-schemes	GET	/api/ledger/vat-schemes
endpoint	/api/mcp	initialize	/api/mcp
endpoint	/api/mcp	ping	/api/mcp
endpoint	/api/meta	GET	/api/meta
endpoint	/api/meta	PUT	/api/meta
endpoint	/api/oauth/authorize	GET	/api/oauth/authorize
endpoint	/api/oauth/authorize	POST	/api/oauth/authorize
endpoint	/api/oauth/register	POST	/api/oauth/register
endpoint	/api/oauth/token	POST	/api/oauth/token
endpoint	/api/participants/check	POST	/api/participants/check
endpoint	/api/pay/[token]/complete	POST	/api/pay/[token]/complete
endpoint	/api/pay/[token]	GET	/api/pay/[token]
endpoint	/api/payments/webhook	POST	/api/payments/webhook
endpoint	/api/recurring/run	POST	/api/recurring/run
endpoint	/api/reminders/run	POST	/api/reminders/run
endpoint	/api/store/[store]/[id]	GET	/api/store/[store]/[id]
endpoint	/api/store/[store]/[id]	DELETE	/api/store/[store]/[id]
endpoint	/api/store/[store]	GET	/api/store/[store]
endpoint	/api/store/[store]	POST	/api/store/[store]
endpoint	/api/usage	GET	/api/usage
endpoint	/api/v1/invoices/[id]	GET	/api/v1/invoices/[id]
endpoint	/api/v1/invoices/[id]/send	POST	/api/v1/invoices/[id]/send
endpoint	/api/v1/invoices	GET	/api/v1/invoices
endpoint	/api/v1/invoices	POST	/api/v1/invoices
endpoint	/api/v1/validate	POST	/api/v1/validate
endpoint	/api/whatsapp/connect	POST	/api/whatsapp/connect
endpoint	/api/whatsapp/disconnect	POST	/api/whatsapp/disconnect
screen	ui	/accounting/accounts/[code]
screen	ui	/accounting/accounts
screen	ui	/accounting/analytics
screen	ui	/accounting/approvals
screen	ui	/accounting/asset-revaluation
screen	ui	/accounting/assets
screen	ui	/accounting/attention
screen	ui	/accounting/audit
screen	ui	/accounting/bank
screen	ui	/accounting/bank-import
screen	ui	/accounting/borrowings
screen	ui	/accounting/budget
screen	ui	/accounting/cash-flow
screen	ui	/accounting/cash-flow-direct
screen	ui	/accounting/chart
screen	ui	/accounting/cheques
screen	ui	/accounting/comparatives
screen	ui	/accounting/consolidation
screen	ui	/accounting/corporate-tax
screen	ui	/accounting/credit-control
screen	ui	/accounting/customers
screen	ui	/accounting/deferred-tax
screen	ui	/accounting/deliveries
screen	ui	/accounting/design
screen	ui	/accounting/dimensions
screen	ui	/accounting/equity
screen	ui	/accounting/expenses
screen	ui	/accounting/exports
screen	ui	/accounting/forecast
screen	ui	/accounting/insights
screen	ui	/accounting/intercompany
screen	ui	/accounting/inventory
screen	ui	/accounting/journals/new
screen	ui	/accounting/journals
screen	ui	/accounting/landed-cost
screen	ui	/accounting/layouts
screen	ui	/accounting/leases
screen	ui	/accounting/leave
screen	ui	/accounting/month-end
screen	ui	/accounting/notifications
screen	ui	/accounting/numbering
screen	ui	/accounting/opening
screen	ui	/accounting
screen	ui	/accounting/payables
screen	ui	/accounting/payment-runs
screen	ui	/accounting/payroll
screen	ui	/accounting/periods
screen	ui	/accounting/petty-cash
screen	ui	/accounting/pricing
screen	ui	/accounting/procurement
screen	ui	/accounting/projects
screen	ui	/accounting/provisions
screen	ui	/accounting/receivables
screen	ui	/accounting/recurring
screen	ui	/accounting/related-parties
screen	ui	/accounting/revaluation
screen	ui	/accounting/revenue
screen	ui	/accounting/roles
screen	ui	/accounting/sales-orders
screen	ui	/accounting/segments
screen	ui	/accounting/statements
screen	ui	/accounting/subscriptions
screen	ui	/accounting/timesheets
screen	ui	/accounting/trade-finance
screen	ui	/accounting/trial-balance
screen	ui	/accounting/vat
screen	ui	/accounting/vat-schemes
screen	ui	/accounting/year-end
screen	ui	/customers
screen	ui	/dashboard
screen	ui	/fixit
screen	ui	/inbox
screen	ui	/integrations
screen	ui	/invoices/[id]
screen	ui	/invoices/new
screen	ui	/invoices
screen	ui	/payments
screen	ui	/products
screen	ui	/recurring
screen	ui	/reports
screen	ui	/settings/api
screen	ui	/settings/billing
screen	ui	/settings/entities/new
screen	ui	/settings/notifications
screen	ui	/settings
screen	ui	/settings/team
screen	ui	/uploads
rule	database	account_type_chk
rule	database	entry_status_chk
rule	database	period_status_chk
rule	database	gl_entry_guard_trg
rule	database	gl_line_guard_trg
rule	database	gl_check_entry_balance()
rule	database	gl_line_balance_trg()
rule	database	gl_entry_balance_trg()
rule	database	gl_entry_guard()
rule	database	gl_line_guard()
rule	database	gl_next_number()
rule	database	BankStatementLine_status_check
rule	database	BankStatementLine_match_consistent_check
rule	database	BankStatementLine_amount_check
rule	database	FixedAsset_method_check
rule	database	FixedAsset_status_check
rule	database	FixedAsset_cost_check
rule	database	FixedAsset_residual_check
rule	database	FixedAsset_life_check
rule	database	FixedAsset_accumulated_check
rule	database	FixedAsset_rate_check
rule	database	FixedAsset_disposal_check
rule	database	InventoryItem_method_check
rule	database	InventoryItem_status_check
rule	database	InventoryItem_quantity_check
rule	database	InventoryItem_value_check
rule	database	InventoryItem_consistent_check
rule	database	InventoryMovement_kind_check
rule	database	InventoryMovement_nonzero_check
rule	database	Employee_contract_check
rule	database	Employee_status_check
rule	database	Employee_pay_check
rule	database	Employee_dates_check
rule	database	Employee_status_dates_check
rule	database	Payslip_status_check
rule	database	Payslip_period_check
rule	database	Payslip_net_check
rule	database	Payslip_components_check
rule	database	Payslip_entry_check
rule	database	BudgetLine_period_check
rule	database	FxRate_positive_check
rule	database	RecurringJournal_frequency_check
rule	database	RecurringJournal_kind_check
rule	database	RecurringJournal_status_check
rule	database	RecurringJournal_dates_check
rule	database	RecurringJournal_period_check
rule	database	ExpenseClaim_status_check
rule	database	ExpenseClaim_approval_check
rule	database	ExpenseClaim_rejection_check
rule	database	ExpenseClaim_entry_check
rule	database	ExpenseClaimLine_net_check
rule	database	ExpenseClaimLine_vat_check
rule	database	ExpenseClaimLine_vat_recoverable_check
rule	database	Attachment_subject_check
rule	database	Attachment_size_check
rule	database	Attachment_sha_check
rule	database	ApprovalRule_subject_check
rule	database	ApprovalRule_threshold_check
rule	database	ApprovalRule_approvers_check
rule	database	ApprovalDecision_decision_check
rule	database	ApprovalDecision_reason_check
rule	database	ConsolidationMember_ownership_check
rule	database	PurchaseOrder_status_check
rule	database	PurchaseOrder_dates_check
rule	database	PurchaseOrderLine_qty_check
rule	database	PurchaseOrderLine_price_check
rule	database	PurchaseOrderLine_received_check
rule	database	PurchaseOrderLine_invoiced_check
rule	database	GoodsReceiptLine_qty_check
rule	database	Project_status_check
rule	database	Project_dates_check
rule	database	Project_budget_check
rule	database	Lease_frequency_check
rule	database	Lease_status_check
rule	database	Lease_dates_check
rule	database	Lease_payment_check
rule	database	Lease_rate_check
rule	database	Lease_liability_check
rule	database	Lease_period_check
rule	database	Counterparty_kind_check
rule	database	Counterparty_status_check
rule	database	Counterparty_terms_check
rule	database	Counterparty_limit_check
rule	database	Counterparty_hold_check
rule	database	PaymentRun_status_check
rule	database	PaymentRun_approval_check
rule	database	PaymentRun_release_check
rule	database	PaymentRunItem_amount_check
rule	database	PaymentRunItem_exclude_check
rule	database	RevenueContract_status_check
rule	database	RevenueContract_price_check
rule	database	PerformanceObligation_timing_check
rule	database	PerformanceObligation_standalone_check
rule	database	PerformanceObligation_recognised_check
rule	database	PerformanceObligation_progress_check
rule	database	SalesOrder_kind_check
rule	database	SalesOrder_status_check
rule	database	SalesOrder_valid_check
rule	database	SalesOrder_expiry_kind_check
rule	database	SalesOrderLine_qty_check
rule	database	SalesOrderLine_price_check
rule	database	SalesOrderLine_discount_check
rule	database	SalesOrderLine_invoiced_check
rule	database	PettyCashFund_status_check
rule	database	PettyCashFund_float_check
rule	database	PettyCashMovement_kind_check
rule	database	PettyCashMovement_amount_check
rule	database	PettyCashMovement_spend_check
rule	database	PettyCashMovement_vat_check
rule	database	ReportLayout_basis_check
rule	database	ReportLayout_status_check
rule	database	ReportLayout_rows_check
rule	database	RevenueContract_billed_check
rule	database	SalesOrderLine_taxCode_check
rule	database	PaymentRun_separation_check
rule	database	DeferredTaxItem_category_check
rule	database	DeferredTaxItem_rate_check
rule	database	DeferredTaxItem_unrecognised_check
rule	database	DeferredTaxPosting_sides_check
rule	database	DeferredTaxPosting_net_check
rule	database	JournalEntry_due_after_entry_check
rule	database	Provision_category_check
rule	database	Provision_kind_check
rule	database	Provision_status_check
rule	database	Provision_estimate_check
rule	database	Provision_rate_check
rule	database	Provision_contingency_check
rule	database	Provision_discount_check
rule	database	ProvisionMovement_kind_check
rule	database	ProvisionMovement_amount_check
rule	database	AccountingRole_status_check
rule	database	AccountingRole_permissions_check
rule	database	RoleAssignment_entity_check
rule	database	InventoryItem_nrv_check
rule	database	InventoryItem_costMethod_check
rule	database	InventoryLayer_quantity_check
rule	database	InventoryLayer_remaining_check
rule	database	InventoryLayer_cost_check
rule	database	FixedAsset_surplus_check
rule	database	FixedAsset_impaired_check
rule	database	AssetRevaluation_kind_check
rule	database	AssetRevaluation_fair_check
rule	database	AssetRevaluation_split_check
rule	database	AssetRevaluation_movement_check
rule	database	AssetRevaluation_surplus_check
rule	database	AssetRevaluation_life_check
rule	database	Employee_leave_check
rule	database	LeaveRecord_kind_check
rule	database	LeaveRecord_dates_check
rule	database	LeaveRecord_days_check
rule	database	LeaveRecord_unpaid_check
rule	database	LeaveProvision_balance_check
rule	database	LeaveProvision_days_check
rule	database	LeaveProvision_period_check
rule	database	LeaveRecord_no_overlap
rule	database	Cheque_direction_check
rule	database	Cheque_status_check
rule	database	Cheque_amount_check
rule	database	Cheque_dates_check
rule	database	Cheque_bounce_check
rule	database	Cheque_cleared_check
rule	database	StockLocation_status_check
rule	database	StockBatch_kind_check
rule	database	StockBatch_status_check
rule	database	StockBatch_quantity_check
rule	database	StockBatch_serial_check
rule	database	StockBatch_expiry_check
rule	database	InventoryItem_reorder_check
rule	database	CapitalAssetItem_category_check
rule	database	CapitalAssetItem_status_check
rule	database	CapitalAssetItem_cost_check
rule	database	CapitalAssetItem_tax_check
rule	database	CapitalAssetItem_use_check
rule	database	CapitalAssetItem_dates_check
rule	database	CapitalAssetAdjustment_interval_check
rule	database	CapitalAssetAdjustment_use_check
rule	database	RecurringInvoice_frequency_check
rule	database	RecurringInvoice_status_check
rule	database	RecurringInvoice_terms_check
rule	database	RecurringInvoice_dates_check
rule	database	RecurringInvoice_next_check
rule	database	RecurringInvoice_lines_check
rule	database	TimeEntry_status_check
rule	database	TimeEntry_minutes_check
rule	database	TimeEntry_rate_check
rule	database	TimeEntry_cost_check
rule	database	TimeEntry_writeoff_check
rule	database	TimeEntry_invoiced_check
rule	database	TimeEntry_billable_check
rule	database	WipPosting_balance_check
rule	database	WipPosting_minutes_check
rule	database	WipPosting_period_check
rule	database	PriceList_kind_check
rule	database	PriceList_code_check
rule	database	PriceList_currency_check
rule	database	PriceList_window_check
rule	database	PriceListEntry_price_check
rule	database	PriceListEntry_quantity_check
rule	database	PriceListEntry_discount_check
rule	database	PriceListEntry_window_check
rule	database	PriceList_one_default_in_force
rule	database	PriceListEntry_no_overlap
rule	database	CreditLimit_amount_check
rule	database	CreditLimit_basis_check
rule	database	CreditHold_reason_check
rule	database	CreditHold_release_check
rule	database	CreditHold_order_check
rule	database	DunningNotice_stage_check
rule	database	DunningNotice_amount_check
rule	database	DunningNotice_days_check
rule	database	DunningNotice_items_check
rule	database	DunningNotice_sentTo_check
rule	database	DunningNotice_letter_check
rule	database	DocumentSequence_restart_needs_year_check
rule	database	gl_sequence_cycle()
rule	database	Borrowing_principal_check
rule	database	Borrowing_term_check
rule	database	Borrowing_stated_rate_check
rule	database	Borrowing_effective_rate_check
rule	database	Borrowing_basis_check
rule	database	Borrowing_frequency_check
rule	database	Borrowing_status_check
rule	database	Borrowing_outstanding_check
rule	database	Borrowing_current_portion_check
rule	database	Borrowing_paid_to_check
rule	database	BorrowingCovenant_metric_check
rule	database	BorrowingCovenant_direction_check
rule	database	BorrowingCovenant_threshold_check
rule	database	BorrowingCovenant_bps_check
rule	database	DeliveryNote_status_check
rule	database	DeliveryNote_signed_check
rule	database	DeliveryNote_signed_date_check
rule	database	DeliveryNoteLine_quantity_check
rule	database	DeliveryNoteLine_cost_check
rule	database	DeliveryNoteLine_movement_check
rule	database	InventoryMovement_landed_cost_check
rule	database	LandedCostVoucher_status_check
rule	database	LandedCostVoucher_applied_check
rule	database	LandedCostCharge_amount_check
rule	database	LandedCostCharge_basis_check
rule	database	LandedCostLine_quantity_check
rule	database	LandedCostLine_value_check
rule	database	LandedCostLine_weight_check
rule	database	LandedCostLine_volume_check
rule	database	LandedCostLine_onhand_check
rule	database	LandedCostLine_split_check
rule	database	LandedCostAllocation_share_check
rule	database	LandedCostAllocation_split_check
rule	database	LandedCostMeasure_weight_check
rule	database	LandedCostMeasure_volume_check
rule	database	NotificationAck_action_check
rule	database	NotificationAck_snooze_date_check
rule	database	NotificationAck_snooze_before_due_check
rule	database	NotificationAck_count_check
rule	database	NotificationAck_severity_check
rule	database	NotificationEvent_action_check
rule	database	RelatedParty_relationship_check
rule	database	RelatedParty_window_check
rule	database	RelatedParty_declared_check
rule	database	KeyManagementComp_category_check
rule	database	KeyManagementComp_amount_check
rule	database	KeyManagementComp_headcount_check
rule	database	KeyManagementComp_declared_check
rule	database	RelatedPartyAttestation_attested_check
rule	database	RelatedPartyAttestation_control_check
rule	database	RelatedPartyAttestation_control_exclusive_check
rule	database	TradeFacility_kind_check
rule	database	TradeFacility_status_check
rule	database	TradeFacility_currency_check
rule	database	TradeFacility_amount_check
rule	database	TradeFacility_margin_check
rule	database	TradeFacility_commission_check
rule	database	TradeFacility_drawn_check
rule	database	TradeFacility_window_check
rule	database	TradeFacility_closed_check
rule	database	TradeFacilityEvent_kind_check
rule	database	TradeFacilityEvent_amount_check
